id	name
01001	Montgomery, AL
01007	Birmingham-Hoover, AL
01009	Birmingham-Hoover, AL
01015	Anniston-Oxford, AL
01021	Birmingham-Hoover, AL
01033	Florence-Muscle Shoals, AL
01051	Montgomery, AL
01055	Gadsden, AL
01061	Dothan, AL
01063	Tuscaloosa, AL
01065	Tuscaloosa, AL
01067	Dothan, AL
01069	Dothan, AL
01073	Birmingham-Hoover, AL
01077	Florence-Muscle Shoals, AL
01079	Decatur, AL
01081	Auburn-Opelika, AL
01083	Huntsville, AL
01085	Montgomery, AL
01089	Huntsville, AL
01097	Mobile, AL
01101	Montgomery, AL
01103	Decatur, AL
01113	Columbus, GA-AL
01115	Birmingham-Hoover, AL
01117	Birmingham-Hoover, AL
01125	Tuscaloosa, AL
01127	Birmingham-Hoover, AL
02020	Anchorage, AK
02090	Fairbanks, AK
02170	Anchorage, AK
04005	Flagstaff, AZ
04013	Phoenix-Mesa-Glendale, AZ
04015	Lake Havasu City-Kingman, AZ
04019	Tucson, AZ
04021	Phoenix-Mesa-Glendale, AZ
04025	Prescott, AZ
04027	Yuma, AZ
05007	Fayetteville-Springdale-Rogers, AR-MO
05025	Pine Bluff, AR
05031	Jonesboro, AR
05033	Fort Smith, AR-OK
05035	Memphis, TN-MS-AR
05045	Little Rock-N.Little Rock-Conway,AR
05047	Fort Smith, AR-OK
05051	Hot Springs, AR
05053	Little Rock-N.Little Rock-Conway,AR
05069	Pine Bluff, AR
05079	Pine Bluff, AR
05085	Little Rock-N.Little Rock-Conway,AR
05087	Fayetteville-Springdale-Rogers, AR-MO
05091	Texarkana, TX-Texarkana, AR
05105	Little Rock-N.Little Rock-Conway,AR
05111	Jonesboro, AR
05119	Little Rock-N.Little Rock-Conway,AR
05125	Little Rock-N.Little Rock-Conway,AR
05131	Fort Smith, AR-OK
05143	Fayetteville-Springdale-Rogers, AR-MO
06001	Oakland-Fremont-Hayward, CA
06007	Chico, CA
06013	Oakland-Fremont-Hayward, CA
06017	Sacramento--Arden-Arcade--Roseville, CA
06019	Fresno, CA
06025	El Centro, CA
06029	Bakersfield-Delano, CA
06031	Hanford-Corcoran, CA
06037	Los Angeles-Long Beach-Santa Ana, CA
06039	Madera-Chowchilla, CA
06041	San Francisco-San Mateo-Redwood City,CA
06047	Merced, CA
06053	Salinas, CA
06055	Napa, CA
06059	Santa Ana-Anaheim-Irvine, CA
06061	Sacramento--Arden-Arcade--Roseville, CA
06065	Riverside-San Bernardino-Ontario, CA
06067	Sacramento--Arden-Arcade--Roseville, CA
06069	San Jose-Sunnyvale-Santa Clara, CA
06071	Riverside-San Bernardino-Ontario, CA
06073	San Diego-Carlsbad-San Marcos, CA
06075	San Francisco-San Mateo-Redwood City,CA
06077	Stockton, CA
06079	San Luis Obispo-Paso Robles, CA
06081	San Francisco-San Mateo-Redwood City,CA
06083	Santa Barbara-Santa Maria-Goleta, CA
06085	San Jose-Sunnyvale-Santa Clara, CA
06087	Santa Cruz-Watsonville, CA
06089	Redding, CA
06095	Vallejo-Fairfield, CA
06097	Santa Rosa-Petaluma, CA
06099	Modesto, CA
06101	Yuba City, CA
06107	Visalia-Porterville, CA
06111	Oxnard-Thousand Oaks-Ventura, CA
06113	Sacramento--Arden-Arcade--Roseville, CA
06115	Yuba City, CA
08001	Denver-Aurora-Broomfield, CO
08005	Denver-Aurora-Broomfield, CO
08013	Boulder, CO
08014	Denver-Aurora-Broomfield, CO
08019	Denver-Aurora-Broomfield, CO
08031	Denver-Aurora-Broomfield, CO
08035	Denver-Aurora-Broomfield, CO
08039	Denver-Aurora-Broomfield, CO
08041	Colorado Springs, CO
08047	Denver-Aurora-Broomfield, CO
08059	Denver-Aurora-Broomfield, CO
08069	Fort Collins-Loveland, CO
08077	Grand Junction, CO
08093	Denver-Aurora-Broomfield, CO
08101	Pueblo, CO
08119	Colorado Springs, CO
08123	Greeley, CO
09001	Bridgeport-Stamford-Norwalk, CT
09003	Hartford-West Hartford-East Hartford, C
09007	Hartford-West Hartford-East Hartford, C
09009	New Haven-Milford, CT
09011	Norwich-New London, CT
09013	Hartford-West Hartford-East Hartford, C
10001	Dover, DE
10003	Wilmington, DE-MD-NJ
11001	Washington-Arlington-Alexandria DC-VA
12001	Gainesville, FL
12003	Jacksonville, FL
12005	Panama City-Lynn Haven-Panama City Beach, FL
12009	Palm Bay-Melbourne-Titusville, FL
12011	Ft Lauderdale-Pompano Beach-Deerfield
12015	Punta Gorda, FL
12019	Jacksonville, FL
12021	Naples-Marco Island, FL
12031	Jacksonville, FL
12033	Pensacola-Ferry Pass-Brent, FL
12035	Palm Coast, FL
12039	Tallahassee, FL
12041	Gainesville, FL
12053	Tampa-St. Petersburg-Clearwater, FL
12057	Tampa-St. Petersburg-Clearwater, FL
12061	Sebastian-Vero Beach,FL
12065	Tallahassee, FL
12069	Orlando-Kissimmee-Sanford, FL
12071	Cape Coral-Fort Myers, FL
12073	Tallahassee, FL
12081	North Port-Bradenton-Sarasota, FL
12083	Ocala, FL
12085	Port St. Lucie,FL
12086	Miami-Miami Beach-Kendall, FL
12089	Jacksonville, FL
12091	Crestview-Fort Walton Beach-Destin, FL
12095	Orlando-Kissimmee-Sanford, FL
12097	Orlando-Kissimmee-Sanford, FL
12099	West Palm Beach-Boca Raton-Boynton FL
12101	Tampa-St. Petersburg-Clearwater, FL
12103	Tampa-St. Petersburg-Clearwater, FL
12105	Lakeland-Winter Haven, FL
12109	Jacksonville, FL
12111	Port St. Lucie, FL
12113	Pensacola-Ferry Pass-Brent, FL
12115	North Port-Bradenton-Sarasota, FL
12117	Orlando-Kissimmee-Sanford, FL
12127	Deltona-Daytona Beach-Ormond Beach, FL
12129	Tallahassee, FL
13007	Albany, GA
13013	Atlanta-Sandy Springs-Marietta, GA
13015	Atlanta-Sandy Springs-Marietta, GA
13021	Macon, GA
13025	Brunswick, GA
13027	Valdosta, GA
13029	Savannah, GA
13033	Augusta-Richmond County, GA-SC
13035	Atlanta-Sandy Springs-Marietta, GA
13045	Atlanta-Sandy Springs-Marietta, GA
13047	Chattanooga, TN-GA
13051	Savannah, GA
13053	Columbus, GA-AL
13057	Atlanta-Sandy Springs-Marietta, GA
13059	Athens-Clarke County, GA
13063	Atlanta-Sandy Springs-Marietta, GA
13067	Atlanta-Sandy Springs-Marietta, GA
13073	Augusta-Richmond County, GA-SC
13077	Atlanta-Sandy Springs-Marietta, GA
13079	Macon, GA
13083	Chattanooga, TN-GA
13085	Atlanta-Sandy Springs-Marietta, GA
13089	Atlanta-Sandy Springs-Marietta, GA
13095	Albany, GA
13097	Atlanta-Sandy Springs-Marietta, GA
13101	Valdosta, GA
13103	Savannah, GA
13113	Atlanta-Sandy Springs-Marietta, GA
13115	Rome, GA
13117	Atlanta-Sandy Springs-Marietta, GA
13121	Atlanta-Sandy Springs-Marietta, GA
13127	Brunswick, GA
13135	Atlanta-Sandy Springs-Marietta, GA
13139	Gainesville, GA
13143	Atlanta-Sandy Springs-Marietta, GA
13145	Columbus, GA-AL
13149	Atlanta-Sandy Springs-Marietta, GA
13151	Atlanta-Sandy Springs-Marietta, GA
13153	Warner Robins, GA
13159	Atlanta-Sandy Springs-Marietta, GA
13169	Macon, GA
13171	Atlanta-Sandy Springs-Marietta, GA
13173	Valdosta, GA
13177	Albany, GA
13179	Hinesville-Fort Stewart, GA
13183	Hinesville-Fort Stewart, GA
13185	Valdosta, GA
13189	Augusta-Richmond County, GA-SC
13191	Brunswick, GA
13195	Athens-Clarke County, GA
13197	Columbus, GA-AL
13199	Atlanta-Sandy Springs-Marietta, GA
13207	Macon, GA
13213	Dalton, GA
13215	Columbus, GA-AL
13217	Atlanta-Sandy Springs-Marietta, GA
13219	Athens-Clarke County, GA
13221	Athens-Clarke County, GA
13223	Atlanta-Sandy Springs-Marietta, GA
13227	Atlanta-Sandy Springs-Marietta, GA
13231	Atlanta-Sandy Springs-Marietta, GA
13245	Augusta-Richmond County, GA-SC
13247	Atlanta-Sandy Springs-Marietta, GA
13255	Atlanta-Sandy Springs-Marietta, GA
13273	Albany, GA
13289	Macon, GA
13295	Chattanooga, TN-GA
13297	Atlanta-Sandy Springs-Marietta, GA
13313	Dalton, GA
13321	Albany, GA
15003	Honolulu, HI
16001	Boise City-Nampa, ID
16005	Pocatello, ID
16015	Boise City-Nampa, ID
16019	Idaho Falls, ID
16027	Boise City-Nampa, ID
16041	Logan, UT-ID
16045	Boise City-Nampa, ID
16051	Idaho Falls, ID
16055	Coeur d'Alene, ID
16069	Lewiston, ID-WA
16073	Boise City-Nampa, ID
16077	Pocatello, ID
17003	Cape Girardeau-Jackson, MO-IL
17005	St. Louis, MO-IL
17007	Rockford, IL
17013	St. Louis, MO-IL
17019	Champaign-Urbana, IL
17027	St. Louis, MO-IL
17031	Chicago-Joliet-Naperville, IL
17037	Chicago-Joliet-Naperville, IL
17043	Chicago-Joliet-Naperville, IL
17053	Champaign-Urbana, IL
17063	Chicago-Joliet-Naperville, IL
17073	Davenport-Moline-Rock Island, IA-IL
17083	St. Louis, MO-IL
17089	Chicago-Joliet-Naperville, IL
17091	Kankakee-Bradley, IL
17093	Chicago-Joliet-Naperville, IL
17097	Lake County-Kenosha County, IL-WI
17111	Chicago-Joliet-Naperville, IL
17113	Bloomington-Normal, IL
17115	Decatur, IL
17117	St. Louis, MO-IL
17119	St. Louis, MO-IL
17123	Peoria, IL
17129	Springfield, IL
17131	Davenport-Moline-Rock Island, IA-IL
17133	St. Louis, MO-IL
17143	Peoria, IL
17147	Champaign-Urbana, IL
17161	Davenport-Moline-Rock Island, IA-IL
17163	St. Louis, MO-IL
17167	Springfield, IL
17175	Peoria, IL
17179	Peoria, IL
17183	Danville, IL
17197	Chicago-Joliet-Naperville, IL
17201	Rockford, IL
17203	Peoria, IL
18003	Fort Wayne, IN
18005	Columbus, IN
18007	Lafayette, IN
18011	Indianapolis-Carmel, IN
18013	Indianapolis-Carmel, IN
18015	Lafayette, IN
18019	Louisville-Jefferson County, KY-IN
18021	Terre Haute, IN
18029	Cincinnati-Middletown, OH-KY-IN
18035	Muncie, IN
18039	Elkhart-Goshen, IN
18043	Louisville-Jefferson County, KY-IN
18047	Cincinnati-Middletown, OH-KY-IN
18051	Evansville, IN-KY
18055	Bloomington, IN
18057	Indianapolis-Carmel, IN
18059	Indianapolis-Carmel, IN
18061	Louisville-Jefferson County, KY-IN
18063	Indianapolis-Carmel, IN
18067	Kokomo, IN
18073	Gary, IN
18081	Indianapolis-Carmel, IN
18089	Gary, IN
18091	Michigan City-La Porte, IN
18095	Anderson, IN
18097	Indianapolis-Carmel, IN
18105	Bloomington, IN
18109	Indianapolis-Carmel, IN
18111	Gary, IN
18115	Cincinnati-Middletown, OH-KY-IN
18119	Bloomington, IN
18127	Gary, IN
18129	Evansville, IN-KY
18133	Indianapolis-Carmel, IN
18141	South Bend-Mishawaka, IN-MI
18145	Indianapolis-Carmel, IN
18153	Terre Haute, IN
18157	Lafayette, IN
18159	Kokomo, IN
18163	Evansville, IN-KY
18165	Terre Haute, IN
18167	Terre Haute, IN
18173	Evansville, IN-KY
18175	Louisville-Jefferson County, KY-IN
18179	Fort Wayne, IN
18183	Fort Wayne, IN
19011	Cedar Rapids, IA
19013	Waterloo-Cedar Falls, IA
19017	Waterloo-Cedar Falls, IA
19049	Des Moines-West Des Moines,IA
19061	Dubuque, IA
19075	Waterloo-Cedar Falls, IA
19077	Des Moines-West Des Moines,IA
19085	Omaha-Council Bluffs, NE-IA
19103	Iowa City, IA
19105	Cedar Rapids, IA
19113	Cedar Rapids, IA
19121	Des Moines-West Des Moines,IA
19129	Omaha-Council Bluffs, NE-IA
19153	Des Moines-West Des Moines,IA
19155	Omaha-Council Bluffs, NE-IA
19163	Davenport-Moline-Rock Island, IA-IL
19169	Ames, IA
19181	Des Moines-West Des Moines,IA
19183	Iowa City, IA
19193	Sioux City, IA-NE-SD
20015	Wichita, KS
20043	St. Joseph, MO-KS
20045	Lawrence, KS
20059	Kansas City, MO-KS
20061	Mahattan, KS
20079	Wichita, KS
20085	Topeka, KS
20087	Topeka, KS
20091	Kansas City, MO-KS
20103	Kansas City, MO-KS
20107	Kansas City, MO-KS
20121	Kansas City, MO-KS
20139	Topeka, KS
20149	Mahattan, KS
20161	Mahattan, KS
20173	Wichita, KS
20177	Topeka, KS
20191	Wichita, KS
20197	Topeka, KS
20209	Kansas City, MO-KS
21015	Cincinnati-Middletown, OH-KY-IN
21017	Lexington-Fayette, KY
21019	Huntington-Ashland, WV-KY-OH
21023	Cincinnati-Middletown, OH-KY-IN
21029	Louisville-Jefferson County, KY-IN
21037	Cincinnati-Middletown, OH-KY-IN
21047	Clarksville, TN-KY
21049	Lexington-Fayette, KY
21059	Owensboro, KY
21061	Bowling Green, KY
21067	Lexington-Fayette, KY
21077	Cincinnati-Middletown, OH-KY-IN
21081	Cincinnati-Middletown, OH-KY-IN
21089	Huntington-Ashland, WV-KY-OH
21091	Owensboro, KY
21093	Elizabethtown, KY
21101	Evansville, IN-KY
21103	Louisville-Jefferson County, KY-IN
21111	Louisville-Jefferson County, KY-IN
21113	Lexington-Fayette, KY
21117	Cincinnati-Middletown, OH-KY-IN
21123	Elizabethtown, KY
21149	Owensboro, KY
21163	Louisville-Jefferson County, KY-IN
21179	Louisville-Jefferson County, KY-IN
21185	Louisville-Jefferson County, KY-IN
21191	Cincinnati-Middletown, OH-KY-IN
21209	Lexington-Fayette, KY
21211	Louisville-Jefferson County, KY-IN
21215	Louisville-Jefferson County, KY-IN
21221	Clarksville, TN-KY
21223	Louisville-Jefferson County, KY-IN
21227	Bowling Green, KY
21233	Evansville, IN-KY
21239	Lexington-Fayette, KY
22005	Baton Rouge, LA
22015	Shreveport-Bossier City, LA
22017	Shreveport-Bossier City, LA
22019	Lake Charles, LA
22023	Lake Charles, LA
22031	Shreveport-Bossier City, LA
22033	Baton Rouge, LA
22037	Baton Rouge, LA
22043	Alexandria, LA
22047	Baton Rouge, LA
22051	New Orleans-Metairie-Kenner, LA
22055	Lafayette, LA
22057	Houma-Bayou Cane-Thibodaux, LA
22063	Baton Rouge, LA
22071	New Orleans-Metairie-Kenner, LA
22073	Monroe, LA
22075	New Orleans-Metairie-Kenner, LA
22077	Baton Rouge, LA
22079	Alexandria, LA
22087	New Orleans-Metairie-Kenner, LA
22089	New Orleans-Metairie-Kenner, LA
22091	Baton Rouge, LA
22095	New Orleans-Metairie-Kenner, LA
22099	Lafayette, LA
22103	New Orleans-Metairie-Kenner, LA
22109	Houma-Bayou Cane-Thibodaux, LA
22111	Monroe, LA
22121	Baton Rouge, LA
22125	Baton Rouge, LA
23001	Lewiston-Auburn, ME
23005	Portland-South Portland-Biddeford, ME
23019	Bangor, ME
23023	Portland-South Portland-Biddeford, ME
23031	Portland-South Portland-Biddeford, ME
24001	Cumberland, MD-WV
24003	Baltimore-Towson, MD
24005	Baltimore-Towson, MD
24009	Washington-Arlington-Alexandria DC-VA
24013	Baltimore-Towson, MD
24015	Wilmington, DE-MD-NJ
24017	Washington-Arlington-Alexandria DC-VA
24021	Bethesda-Rockville-Frederick, MD
24025	Baltimore-Towson, MD
24027	Baltimore-Towson, MD
24031	Bethesda-Rockville-Frederick, MD
24033	Washington-Arlington-Alexandria DC-VA
24035	Baltimore-Towson, MD
24039	Salisbury, MD
24043	Hagerstown-Martinsburg, MD-WV
24045	Salisbury, MD
24510	Baltimore-Towson, MD
25001	Barnstable Town, MA
25003	Pittsfield, MA
25005	Providence-New Bedford-Fall River, RI-M
25009	Peabody, MA
25011	Springfield, MA
25013	Springfield, MA
25015	Springfield, MA
25017	Cambridge-Newton-Framingham, MA
25021	Boston-Quincy, MA
25023	Boston-Quincy, MA
25025	Boston-Quincy, MA
25027	Worcester, MA
26015	Grand Rapids-Wyoming, MI
26017	Bay City, MI
26021	Niles-Benton Harbor, MI
26025	Battle Creek, MI
26027	South Bend-Mishawaka, IN-MI
26037	Lansing-East Lansing, MI
26045	Lansing-East Lansing, MI
26049	Flint, MI
26065	Lansing-East Lansing, MI
26067	Grand Rapids-Wyoming, MI
26075	Jackson, MI
26077	Kalamazoo-Portage, MI
26081	Grand Rapids-Wyoming, MI
26087	Warren-Troy-Farmington-Hills, MI
26093	Warren-Troy-Farmington-Hills, MI
26099	Warren-Troy-Farmington-Hills, MI
26115	Monroe, MI
26121	Muskegon-Norton Shores, MI
26123	Grand Rapids-Wyoming, MI
26125	Warren-Troy-Farmington-Hills, MI
26139	Holland-Grand Haven, MI
26145	Saginaw-Saginaw Township North, MI
26147	Warren-Troy-Farmington-Hills, MI
26159	Kalamazoo-Portage, MI
26161	Ann Arbor, MI
26163	Detroit-Livonia-Dearborn, MI
27003	Minneapolis-St. Paul-Bloomington, MN-WI
27009	St. Cloud, MN
27013	Mankato-North Mankato, MN
27017	Duluth, MN-WI
27019	Minneapolis-St. Paul-Bloomington, MN-WI
27025	Minneapolis-St. Paul-Bloomington, MN-WI
27027	Fargo, ND-MN
27037	Minneapolis-St. Paul-Bloomington, MN-WI
27039	Rochester, MN
27053	Minneapolis-St. Paul-Bloomington, MN-WI
27055	La Crosse, WI-MN
27059	Minneapolis-St. Paul-Bloomington, MN-WI
27103	Mankato-North Mankato, MN
27109	Rochester, MN
27119	Grand Forks, ND-MN
27123	Minneapolis-St. Paul-Bloomington, MN-WI
27137	Duluth, MN-WI
27139	Minneapolis-St. Paul-Bloomington, MN-WI
27141	Minneapolis-St. Paul-Bloomington, MN-WI
27145	St. Cloud, MN
27157	Rochester, MN
27163	Minneapolis-St. Paul-Bloomington, MN-WI
27171	Minneapolis-St. Paul-Bloomington, MN-WI
28029	Jackson, MS
28033	Memphis, TN-MS-AR
28035	Hattiesburg, MS
28039	Pascagoula, MS
28045	Gulfport-Biloxi, MS
28047	Gulfport-Biloxi, MS
28049	Jackson, MS
28059	Pascagoula, MS
28073	Hattiesburg, MS
28089	Jackson, MS
28093	Memphis, TN-MS-AR
28111	Hattiesburg, MS
28121	Jackson, MS
28127	Jackson, MS
28131	Gulfport-Biloxi, MS
28137	Memphis, TN-MS-AR
28143	Memphis, TN-MS-AR
29003	St. Joseph, MO-KS
29013	Kansas City, MO-KS
29017	Cape Girardeau-Jackson, MO-IL
29019	Columbia, MO
29021	St. Joseph, MO-KS
29025	Kansas City, MO-KS
29027	Jefferson City, MO
29031	Cape Girardeau-Jackson, MO-IL
29037	Kansas City, MO-KS
29043	Springfield, MO
29047	Kansas City, MO-KS
29049	Kansas City, MO-KS
29051	Jefferson City, MO
29055	St. Louis, MO-IL
29059	Springfield, MO
29063	St. Joseph, MO-KS
29071	St. Louis, MO-IL
29077	Springfield, MO
29089	Columbia, MO
29095	Kansas City, MO-KS
29097	Joplin, MO
29099	St. Louis, MO-IL
29107	Kansas City, MO-KS
29113	St. Louis, MO-IL
29119	Fayetteville-Springdale-Rogers, AR-MO
29135	Jefferson City, MO
29145	Joplin, MO
29151	Jefferson City, MO
29165	Kansas City, MO-KS
29167	Springfield, MO
29177	Kansas City, MO-KS
29183	St. Louis, MO-IL
29189	St. Louis, MO-IL
29219	St. Louis, MO-IL
29221	St. Louis, MO-IL
29225	Springfield, MO
29510	St. Louis, MO-IL
30009	Billings, MT
30013	Great Falls, MT
30063	Missoula, MT
30111	Billings, MT
31025	Omaha-Council Bluffs, NE-IA
31043	Sioux City, IA-NE-SD
31051	Sioux City, IA-NE-SD
31055	Omaha-Council Bluffs, NE-IA
31109	Lincoln, NE
31153	Omaha-Council Bluffs, NE-IA
31155	Omaha-Council Bluffs, NE-IA
31159	Lincoln, NE
31177	Omaha-Council Bluffs, NE-IA
32003	Las Vegas-Paradise, NV
32029	Reno-Sparks, NV
32031	Reno-Sparks, NV
32510	Carson City, NV
33011	Manchester-Nashua, NH
33015	Rockingham County, NH
33017	Rockingham County, NH
34001	Atlantic City-Hammonton, NJ
34003	New York-White Plains-Wayne, NY-NJ
34005	Camden, NJ
34007	Camden, NJ
34009	Ocean City, NJ
34011	Vineland-Millville-Bridgeton, NJ
34013	Newark-Union, NJ-PA
34015	Camden, NJ
34017	New York-White Plains-Wayne, NY-NJ
34019	Newark-Union, NJ-PA
34021	Trenton-Ewing, NJ
34023	Edison-New Brunswick, NJ
34025	Edison-New Brunswick, NJ
34027	Newark-Union, NJ-PA
34029	Edison-New Brunswick, NJ
34031	New York-White Plains-Wayne, NY-NJ
34033	Wilmington, DE-MD-NJ
34035	Edison-New Brunswick, NJ
34037	Newark-Union, NJ-PA
34039	Newark-Union, NJ-PA
34041	Allentown-Bethlehem-Easton, PA-NJ
35001	Albuquerque, NM
35013	Las Cruces, NM
35043	Albuquerque, NM
35045	Farmington, NM
35049	Santa Fe, NM
35057	Albuquerque, NM
35061	Albuquerque, NM
36001	Albany-Schenectady-Troy, NY
36005	New York-White Plains-Wayne, NY-NJ
36007	Binghamton, NY
36015	Elmira, NY
36027	Poughkeepsie-Newburgh-Middletown, NY
36029	Buffalo-Niagara Falls, NY
36043	U a-Rome, NY
36047	New York-White Plains-Wayne, NY-NJ
36051	Rochester, NY
36053	Syracuse, NY
36055	Rochester, NY
36059	Nassau-Suffolk, NY
36061	New York-White Plains-Wayne, NY-NJ
36063	Buffalo-Niagara Falls, NY
36065	U a-Rome, NY
36067	Syracuse, NY
36069	Rochester, NY
36071	Poughkeepsie-Newburgh-Middletown, NY
36073	Rochester, NY
36075	Syracuse, NY
36079	New York-White Plains-Wayne, NY-NJ
36081	New York-White Plains-Wayne, NY-NJ
36083	Albany-Schenectady-Troy, NY
36085	New York-White Plains-Wayne, NY-NJ
36087	New York-White Plains-Wayne, NY-NJ
36091	Albany-Schenectady-Troy, NY
36093	Albany-Schenectady-Troy, NY
36095	Albany-Schenectady-Troy, NY
36103	Nassau-Suffolk, NY
36107	Binghamton, NY
36109	Ithaca, NY
36111	Kingston, NY
36113	Glens Falls, NY
36115	Glens Falls, NY
36117	Rochester, NY
36119	New York-White Plains-Wayne, NY-NJ
37001	Burlington, NC
37003	Hickory-Lenoir-Morganton, NC
37007	Charlotte-Gastonia-Rock Hill, NC-SC
37019	Wilmington, NC
37021	Asheville, NC
37023	Hickory-Lenoir-Morganton, NC
37025	Charlotte-Gastonia-Rock Hill, NC-SC
37027	Hickory-Lenoir-Morganton, NC
37035	Hickory-Lenoir-Morganton, NC
37037	Durham-Chapel Hill, NC
37051	Fayetteville, NC
37053	Virginia Beach-Norfolk-Newport News, VA
37059	Winston-Salem, NC
37063	Durham-Chapel Hill, NC
37065	Rocky Mount, NC
37067	Winston-Salem, NC
37069	Raleigh-Cary, NC
37071	Charlotte-Gastonia-Concord, NC-SC
37079	Greenville, NC
37081	Greensboro-High Point, NC
37087	Asheville, NC
37089	Asheville, NC
37093	Fayetteville, NC
37101	Raleigh-Cary, NC
37115	Asheville, NC
37119	Charlotte-Gastonia-Concord, NC-SC
37127	Rocky Mount, NC
37129	Wilmington, NC
37133	Jacksonville, NC
37135	Durham-Chapel Hill, NC
37141	Wilmington, NC
37145	Durham-Chapel Hill, NC
37147	Greenville, NC
37151	Greensboro-High Point, NC
37157	Greensboro-High Point, NC
37167	Charlotte-Gastonia-Concord, NC-SC
37169	Winston-Salem, NC
37179	Charlotte-Gastonia-Concord, NC-SC
37183	Raleigh-Cary, NC
37191	Goldsboro, NC
37197	Winston-Salem, NC
38015	Bismarck, ND
38017	Fargo, ND-MN
38035	Grand Forks, ND-MN
38059	Bismarck, ND
39003	Lima, OH
39013	Wheeling, WV-OH
39015	Cincinnati-Middletown, OH-KY-IN
39017	Cincinnati-Middletown, OH-KY-IN
39019	Canton-Massillon, OH
39023	Springfield, OH
39025	Cincinnati-Middletown, OH-KY-IN
39035	Cleveland-Elyria-Mentor, OH
39041	Columbus, OH
39043	Sandusky, OH
39045	Columbus, OH
39049	Columbus, OH
39051	Toledo, OH
39055	Cleveland-Elyria-Mentor, OH
39057	Dayton, OH
39061	Cincinnati-Middletown, OH-KY-IN
39081	Steubenville-Weirton, WV-OH
39085	Cleveland-Elyria-Mentor, OH
39087	Huntington-Ashland, WV-KY-OH
39089	Columbus, OH
39093	Cleveland-Elyria-Mentor, OH
39095	Toledo, OH
39097	Columbus, OH
39099	Youngstown-Warren-Boardman, OH-PA
39103	Cleveland-Elyria-Mentor, OH
39109	Dayton, OH
39113	Dayton, OH
39117	Columbus, OH
39123	Toledo, OH
39129	Columbus, OH
39133	Akron, OH
39135	Dayton, OH
39139	Mansfield, OH
39151	Canton-Massillon, OH
39153	Akron, OH
39155	Youngstown-Warren-Boardman, OH-PA
39159	Columbus, OH
39165	Cincinnati-Middletown, OH-KY-IN
39167	Parkersburg-Marietta-Vienna, WV-OH
39173	Toledo, OH
40017	Oklahoma City, OK
40027	Oklahoma City, OK
40031	Lawton, OK
40037	Tulsa, OK
40051	Oklahoma City, OK
40079	Fort Smith, AR-OK
40081	Oklahoma City, OK
40083	Oklahoma City, OK
40087	Oklahoma City, OK
40109	Oklahoma City, OK
40111	Tulsa, OK
40113	Tulsa, OK
40117	Tulsa, OK
40131	Tulsa, OK
40135	Fort Smith, AR-OK
40143	Tulsa, OK
40145	Tulsa, OK
41003	Corvallis, OR
41005	Portland-Vancouver-Hillsboro, OR-WA
41009	Portland-Vancouver-Hillsboro, OR-WA
41017	Bend, OR
41029	Medford, OR
41039	Eugene-Springfield, OR
41047	Salem, OR
41051	Portland-Vancouver-Hillsboro, OR-WA
41053	Salem, OR
41067	Portland-Vancouver-Hillsboro, OR-WA
41071	Portland-Vancouver-Hillsboro, OR-WA
42003	Pittsburgh, PA
42005	Pittsburgh, PA
42007	Pittsburgh, PA
42011	Reading, PA
42013	Altoona, PA
42017	Philadelphia, PA
42019	Pittsburgh, PA
42021	Johnstown, PA
42025	Allentown-Bethlehem-Easton, PA-NJ
42027	State College, PA
42029	Philadelphia, PA
42041	Harrisburg-Carlisle, PA
42043	Harrisburg-Carlisle, PA
42045	Philadelphia, PA
42049	Erie, PA
42051	Pittsburgh, PA
42069	Scranton--Wilkes-Barre, PA
42071	Lancaster, PA
42075	Lebanon, PA
42077	Allentown-Bethlehem-Easton, PA-NJ
42079	Scranton--Wilkes-Barre, PA
42081	Williamsport, PA
42085	Youngstown-Warren-Boardman, OH-PA
42091	Philadelphia, PA
42095	Allentown-Bethlehem-Easton, PA-NJ
42099	Harrisburg-Carlisle, PA
42101	Philadelphia, PA
42103	Newark-Union, NJ-PA
42125	Pittsburgh, PA
42129	Pittsburgh, PA
42131	Scranton--Wilkes-Barre, PA
42133	York-Hanover, PA
44001	Providence-New Bedford-Fall River, RI-M
44003	Providence-New Bedford-Fall River, RI-M
44005	Providence-New Bedford-Fall River, RI-M
44007	Providence-New Bedford-Fall River, RI-M
44009	Providence-New Bedford-Fall River, RI-M
45003	Augusta-Richmond County, GA-SC
45007	Anderson, SC
45015	Charleston-North Charleston-Summerville, SC
45017	Columbia, SC
45019	Charleston-North Charleston-Summerville, SC
45031	Florence, SC
45035	Charleston-North Charleston-Summerville, SC
45037	Augusta-Richmond County, GA-SC
45039	Columbia, SC
45041	Florence, SC
45045	Greenville-Mauldin-Easley, SC
45051	Myrtle Beach-North Myrtle Beach-Conway
45055	Columbia, SC
45059	Greenville-Mauldin-Easley, SC
45063	Columbia, SC
45077	Greenville-Mauldin-Easley, SC
45079	Columbia, SC
45081	Columbia, SC
45083	Spartanburg, SC
45085	Sumter, SC
45091	Charlotte-Gastonia-Concord, NC-SC
46083	Sioux Falls, SD
46087	Sioux Falls, SD
46093	Rapid City, SD
46099	Sioux Falls, SD
46103	Rapid City, SD
46125	Sioux Falls, SD
46127	Sioux City, IA-NE-SD
47001	Knoxville, TN
47009	Knoxville, TN
47011	Cleveland, TN
47015	Nashville-Davidson-Murfreesboro-Franklin, TN
47019	Johnson City, TN
47021	Nashville-Davidson-Murfreesboro-Franklin, TN
47023	Jackson, TN
47037	Nashville-Davidson-Murfreesboro-Franklin, TN
47043	Nashville-Davidson-Murfreesboro-Franklin, TN
47047	Memphis, TN-MS-AR
47057	Morristown, TN
47063	Morristown, TN
47065	Chattanooga, TN-GA
47073	Kingsport-Bristol-Bristol, TN-VA
47081	Nashville-Davidson-Murfreesboro-Franklin, TN
47089	Morristown, TN
47093	Knoxville, TN
47105	Knoxville, TN
47111	Nashville-Davidson-Murfreesboro-Franklin, TN
47113	Jackson, TN
47115	Chattanooga, TN-GA
47125	Clarksville, TN-KY
47139	Cleveland, TN
47147	Nashville-Davidson-Murfreesboro-Franklin, TN
47149	Nashville-Davidson-Murfreesboro-Franklin, TN
47153	Chattanooga, TN-GA
47157	Memphis, TN-MS-AR
47159	Nashville-Davidson-Murfreesboro-Franklin, TN
47161	Clarksville, TN-KY
47163	Kingsport-Bristol-Bristol, TN-VA
47165	Nashville-Davidson-Murfreesboro-Franklin, TN
47167	Memphis, TN-MS-AR
47169	Nashville-Davidson-Murfreesboro-Franklin, TN
47171	Johnson City, TN
47173	Knoxville, TN
47179	Johnson City, TN
47187	Nashville-Davidson-Murfreesboro-Franklin, TN
47189	Nashville-Davidson-Murfreesboro-Franklin, TN
48007	Corpus Christi, TX
48009	Wichita Falls, TX
48011	Amarillo, TX
48013	San Antonio-New Braunfels, TX
48015	Houston-Sugar Land-Baytown, TX
48019	San Antonio-New Braunfels, TX
48021	Austin-Round Rock-San Marcos, TX
48027	Killeen-Temple-Fort Hood, TX
48029	San Antonio-New Braunfels, TX
48037	Texarkana, TX-Texarkana, AR
48039	Houston-Sugar Land-Baytown, TX
48041	College Station-Bryan, TX
48051	College Station-Bryan, TX
48055	Austin-Round Rock-San Marcos, TX
48057	Victoria, TX
48059	Abilene, TX
48061	Brownsville-Harlingen, TX
48065	Amarillo, TX
48071	Houston-Sugar Land-Baytown, TX
48077	Wichita Falls, TX
48085	Dallas-Plano-Irving, TX
48091	San Antonio-New Braunfels, TX
48099	Killeen-Temple-Fort Hood, TX
48107	Lubbock, TX
48113	Dallas-Plano-Irving, TX
48119	Dallas-Plano-Irving, TX
48121	Dallas-Plano-Irving, TX
48135	Odessa, TX
48139	Dallas-Plano-Irving, TX
48141	El Paso, TX
48157	Houston-Sugar Land-Baytown, TX
48167	Houston-Sugar Land-Baytown, TX
48175	Victoria, TX
48181	Sherman-Denison, TX
48183	Longview, TX
48187	San Antonio-New Braunfels, TX
48199	Beaumont-Port Arthur, TX
48201	Houston-Sugar Land-Baytown, TX
48209	Austin-Round Rock-San Marcos, TX
48215	McAllen-Edinburg-Mission, TX
48231	Dallas-Plano-Irving, TX
48235	San Angelo, TX
48245	Beaumont-Port Arthur, TX
48251	Fort Worth-Arlington, TX
48253	Abilene, TX
48257	Dallas-Plano-Irving, TX
48259	San Antonio-New Braunfels, TX
48281	Killeen-Temple-Fort Hood, TX
48291	Houston-Sugar Land-Baytown, TX
48303	Lubbock, TX
48309	Waco, TX
48325	San Antonio-New Braunfels, TX
48329	Midland, TX
48339	Houston-Sugar Land-Baytown, TX
48355	Corpus Christi, TX
48361	Beaumont-Port Arthur, TX
48367	Fort Worth-Arlington, TX
48375	Amarillo, TX
48381	Amarillo, TX
48395	College Station-Bryan, TX
48397	Dallas-Plano-Irving, TX
48401	Longview, TX
48407	Houston-Sugar Land-Baytown, TX
48409	Corpus Christi, TX
48423	Tyler, TX
48439	Fort Worth-Arlington, TX
48441	Abilene, TX
48451	San Angelo, TX
48453	Austin-Round Rock-San Marcos, TX
48459	Longview, TX
48469	Victoria, TX
48473	Houston-Sugar Land-Baytown, TX
48479	Laredo, TX
48485	Wichita Falls, TX
48491	Austin-Round Rock-San Marcos, TX
48493	San Antonio-New Braunfels, TX
48497	Fort Worth-Arlington, TX
49005	Logan, UT-ID
49011	Ogden-Clearfield, UT
49023	Provo-Orem, UT
49029	Ogden-Clearfield, UT
49035	Salt Lake City, UT
49043	Salt Lake City, UT
49045	Salt Lake City, UT
49049	Provo-Orem, UT
49053	St. George, UT
49057	Ogden-Clearfield, UT
50007	Burlington-South Burlington, VT
50011	Burlington-South Burlington, VT
50013	Burlington-South Burlington, VT
51003	Charlottesville, VA
51007	Richmond, VA
51009	Lynchburg, VA
51011	Lynchburg, VA
51013	Washington-Arlington-Alexandria DC-VA
51019	Lynchburg, VA
51023	Roanoke, VA
51031	Lynchburg, VA
51033	Richmond, VA
51036	Richmond, VA
51041	Richmond, VA
51043	Washington-Arlington-Alexandria DC-VA
51045	Roanoke, VA
51049	Richmond, VA
51053	Richmond, VA
51059	Washington-Arlington-Alexandria DC-VA
51061	Washington-Arlington-Alexandria DC-VA
51065	Charlottesville, VA
51067	Roanoke, VA
51069	Winchester, VA-WV
51071	Blacksburg-Christiansburg-Radford, VA
51073	Virginia Beach-Norfolk-Newport News, VA
51075	Richmond, VA
51079	Charlottesville, VA
51085	Richmond, VA
51087	Richmond, VA
51093	Virginia Beach-Norfolk-Newport News, VA
51095	Virginia Beach-Norfolk-Newport News, VA
51097	Richmond, VA
51101	Richmond, VA
51107	Washington-Arlington-Alexandria DC-VA
51109	Richmond, VA
51115	Virginia Beach-Norfolk-Newport News, VA
51121	Blacksburg-Christiansburg-Radford, VA
51125	Charlottesville, VA
51127	Richmond, VA
51143	Danville, VA
51145	Richmond, VA
51149	Richmond, VA
51153	Washington-Arlington-Alexandria DC-VA
51155	Blacksburg-Christiansburg-Radford, VA
51161	Roanoke, VA
51165	Harrisonburg, VA
51169	Kingsport-Bristol-Bristol, TN-VA
51177	Washington-Arlington-Alexandria DC-VA
51179	Washington-Arlington-Alexandria DC-VA
51181	Virginia Beach-Norfolk-Newport News, VA
51183	Richmond, VA
51187	Washington-Arlington-Alexandria DC-VA
51191	Kingsport-Bristol-Bristol, TN-VA
51199	Virginia Beach-Norfolk-Newport News, VA
51510	Washington-Arlington-Alexandria DC-VA
51515	Lynchburg, VA
51520	Kingsport-Bristol-Bristol, TN-VA
51540	Charlottesville, VA
51550	Virginia Beach-Norfolk-Newport News, VA
51570	Richmond, VA
51590	Danville, VA
51600	Washington-Arlington-Alexandria DC-VA
51610	Washington-Arlington-Alexandria DC-VA
51630	Washington-Arlington-Alexandria DC-VA
51650	Virginia Beach-Norfolk-Newport News, VA
51660	Harrisonburg, VA
51670	Richmond, VA
51680	Lynchburg, VA
51683	Washington-Arlington-Alexandria DC-VA
51685	
51700	Virginia Beach-Norfolk-Newport News, VA
51710	Virginia Beach-Norfolk-Newport News, VA
51730	Richmond, VA
51735	Virginia Beach-Norfolk-Newport News, VA
51740	Virginia Beach-Norfolk-Newport News, VA
51750	Blacksburg-Christiansburg-Radford, VA
51760	Richmond, VA
51770	Roanoke, VA
51775	Roanoke, VA
51800	Virginia Beach-Norfolk-Newport News, VA
51810	Virginia Beach-Norfolk-Newport News, VA
51830	Virginia Beach-Norfolk-Newport News, VA
51840	Winchester, VA-WV
53003	Lewiston, ID-WA
53005	Kennewick-Pasco-Richland, WA
53007	Wenatchee-East Wenatchee, WA
53011	Portland-Vancouver-Hillsboro, OR-WA
53015	Longview, WA
53017	Wenatchee-East Wenatchee, WA
53021	Kennewick-Pasco-Richland, WA
53033	Seattle-Bellevue-Everett, WA
53035	Bremerton-Silverdale, WA
53053	Tacoma, WA
53057	Mount Vernon-Anacortes, WA
53059	Portland-Vancouver-Hillsboro, OR-WA
53061	Seattle-Bellevue-Everett, WA
53063	Spokane, WA
53067	Olympia, WA
53073	Bellingham, WA
53077	Yakima, WA
54003	Hagerstown-Martinsburg, MD-WV
54005	Charleston, WV
54009	Steubenville-Weirton, WV-OH
54011	Huntington-Ashland, WV-KY-OH
54015	Charleston, WV
54027	Winchester, VA-WV
54029	Steubenville-Weirton, WV-OH
54037	Washington-Arlington-Alexandria DC-VA
54039	Charleston, WV
54043	Charleston, WV
54051	Wheeling, WV-OH
54057	Cumberland, MD-WV
54061	Morgantown, WV
54065	Hagerstown-Martinsburg, MD-WV
54069	Wheeling, WV-OH
54073	Parkersburg-Marietta-Vienna, WV-OH
54077	Morgantown, WV
54079	Charleston, WV
54099	Huntington-Ashland, WV-KY-OH
54105	Parkersburg-Marietta-Vienna, WV-OH
54107	Parkersburg-Marietta-Vienna, WV-OH
55009	Green Bay, WI
55015	Appleton, WI
55017	Eau Claire, WI
55021	Madison, WI
55025	Madison, WI
55031	Duluth, MN-WI
55035	Eau Claire, WI
55039	Fond du Lac, WI
55049	Madison, WI
55059	Lake County-Kenosha County, IL-WI
55061	Green Bay, WI
55063	La Crosse, WI-MN
55073	Wausau, WI
55079	Milwaukee-Waukesha-West Allis, WI
55083	Green Bay, WI
55087	Appleton, WI
55089	Milwaukee-Waukesha-West Allis, WI
55093	Minneapolis-St. Paul-Bloomington, MN-WI
55101	Racine, WI
55105	Janesville, WI
55109	Minneapolis-St. Paul-Bloomington, MN-WI
55117	Sheboygan, WI
55131	Milwaukee-Waukesha-West Allis, WI
55133	Milwaukee-Waukesha-West Allis, WI
55139	Oshkosh-Neenah, WI
56021	Cheyenne, WY
56025	Casper, WY
72003	Aguadilla-Isabela-San Sebastiﬂn, PR
72005	Aguadilla-Isabela-San Sebastiﬂn, PR
72007	San Juan-Caguas-Guaynabo, PR
72009	San Juan-Caguas-Guaynabo, PR
72011	Aguadilla-Isabela-San Sebastiﬂn, PR
72013	San Juan-Caguas-Guaynabo, PR
72015	Guayama, PR
72017	San Juan-Caguas-Guaynabo, PR
72019	San Juan-Caguas-Guaynabo, PR
72021	San Juan-Caguas-Guaynabo, PR
72023	San Germﬂn-Cabo Rojo, PR
72025	San Juan-Caguas-Guaynabo, PR
72027	San Juan-Caguas-Guaynabo, PR
72029	
72031	San Juan-Caguas-Guaynabo, PR
72033	San Juan-Caguas-Guaynabo, PR
72035	San Juan-Caguas-Guaynabo, PR
72037	Fajardo, PR
72039	San Juan-Caguas-Guaynabo, PR
72041	San Juan-Caguas-Guaynabo, PR
72045	San Juan-Caguas-Guaynabo, PR
72047	San Juan-Caguas-Guaynabo, PR
72051	San Juan-Caguas-Guaynabo, PR
72053	Fajardo, PR
72054	
72055	Yauco, PR
72057	Guayama, PR
72059	Yauco, PR
72061	San Juan-Caguas-Guaynabo, PR
72063	San Juan-Caguas-Guaynabo, PR
72065	San Juan-Caguas-Guaynabo, PR
72067	Mayag?ez, PR
72069	San Juan-Caguas-Guaynabo, PR
72071	Aguadilla-Isabela-San Sebastiﬂn, PR
72075	Ponce, PR
72077	San Juan-Caguas-Guaynabo, PR
72079	San Germﬂn-Cabo Rojo, PR
72081	Aguadilla-Isabela-San Sebastiﬂn, PR
72085	San Juan-Caguas-Guaynabo, PR
72087	San Juan-Caguas-Guaynabo, PR
72089	Fajardo, PR
72091	San Juan-Caguas-Guaynabo, PR
72095	San Juan-Caguas-Guaynabo, PR
72097	Mayag?ez, PR
72099	Aguadilla-Isabela-San Sebastiﬂn, PR
72101	San Juan-Caguas-Guaynabo, PR
72103	San Juan-Caguas-Guaynabo, PR
72105	San Juan-Caguas-Guaynabo, PR
72107	San Juan-Caguas-Guaynabo, PR
72109	Guayama, PR
72111	Yauco, PR
72113	Ponce, PR
72115	San Juan-Caguas-Guaynabo, PR
72117	Aguadilla-Isabela-San Sebastiﬂn, PR
72119	San Juan-Caguas-Guaynabo, PR
72121	San Germﬂn-Cabo Rojo, PR
72125	San Germﬂn-Cabo Rojo, PR
72127	San Juan-Caguas-Guaynabo, PR
72129	San Juan-Caguas-Guaynabo, PR
72131	Aguadilla-Isabela-San Sebastiﬂn, PR
72135	San Juan-Caguas-Guaynabo, PR
72137	San Juan-Caguas-Guaynabo, PR
72139	San Juan-Caguas-Guaynabo, PR
72143	San Juan-Caguas-Guaynabo, PR
72145	San Juan-Caguas-Guaynabo, PR
72149	Ponce, PR
72151	San Juan-Caguas-Guaynabo, PR
72153	Yauco, PR
